store_id,product_id,dt,sale_amount,stock_hour6_22_cnt
837,44,2024-03-28,0.000000,16
837,44,2024-03-29,0.000000,16
837,44,2024-03-30,0.300000,14
837,44,2024-03-31,0.000000,16
837,44,2024-04-01,0.000000,16
837,44,2024-04-02,0.000000,16
837,44,2024-04-03,0.000000,16
837,44,2024-04-04,0.000000,16
837,44,2024-04-05,0.000000,16
837,44,2024-04-06,0.000000,16
837,44,2024-04-07,0.000000,16
837,44,2024-04-08,0.000000,16
837,44,2024-04-09,0.000000,16
837,44,2024-04-10,0.000000,16
837,44,2024-04-11,0.600000,12
837,44,2024-04-12,0.900000,4
837,44,2024-04-13,1.300000,9
837,44,2024-04-14,0.000000,16
837,44,2024-04-15,0.000000,16
837,44,2024-04-16,0.000000,16
837,44,2024-04-17,0.000000,16
837,44,2024-04-18,1.300000,6
837,44,2024-04-19,0.000000,16
837,44,2024-04-20,1.400000,9
837,44,2024-04-21,0.000000,16
837,44,2024-04-22,0.000000,16
837,44,2024-04-23,1.000000,7
837,44,2024-04-24,0.100000,16
837,44,2024-04-25,0.300000,10
837,44,2024-04-26,0.000000,16
837,44,2024-04-27,0.000000,16
837,44,2024-04-28,0.000000,16
837,44,2024-04-29,0.000000,16
837,44,2024-04-30,0.000000,16
837,44,2024-05-01,0.000000,16
837,44,2024-05-02,0.000000,16
837,44,2024-05-03,1.100000,0
837,44,2024-05-04,1.500000,0
837,44,2024-05-05,1.300000,12
837,44,2024-05-06,1.100000,10
837,44,2024-05-07,1.200000,11
837,44,2024-05-08,1.300000,6
837,44,2024-05-09,2.300000,4
837,44,2024-05-10,2.500000,0
837,44,2024-05-11,1.400000,8
837,44,2024-05-12,0.400000,13
837,44,2024-05-13,0.300000,14
837,44,2024-05-14,0.200000,16
837,44,2024-05-15,1.500000,0
837,44,2024-05-16,1.300000,6
837,44,2024-05-17,0.800000,0
837,44,2024-05-18,2.400000,0
837,44,2024-05-19,2.400000,0
837,44,2024-05-20,0.400000,10
837,44,2024-05-21,0.000000,16
837,44,2024-05-22,0.000000,16
837,44,2024-05-23,0.000000,16
837,44,2024-05-24,0.000000,16
837,44,2024-05-25,0.100000,16
837,44,2024-05-26,1.400000,5
837,44,2024-05-27,0.100000,16
837,44,2024-05-28,1.300000,7
837,44,2024-05-29,0.200000,16
837,44,2024-05-30,1.200000,0
837,44,2024-05-31,0.600000,0
837,44,2024-06-01,1.400000,6
837,44,2024-06-02,1.600000,0
837,44,2024-06-03,0.100000,13
837,44,2024-06-04,0.000000,16
837,44,2024-06-05,0.000000,16
837,44,2024-06-06,0.000000,16
837,44,2024-06-07,0.000000,16
837,44,2024-06-08,0.000000,16
837,44,2024-06-09,0.000000,16
837,44,2024-06-10,1.100000,0
837,44,2024-06-11,1.100000,0
837,44,2024-06-12,1.500000,4
837,44,2024-06-13,0.000000,16
837,44,2024-06-14,0.000000,16
837,44,2024-06-15,2.000000,0
837,44,2024-06-16,0.400000,13
837,44,2024-06-17,1.700000,0
837,44,2024-06-18,1.000000,11
837,44,2024-06-19,1.700000,0
837,44,2024-06-20,0.800000,0
837,44,2024-06-21,0.900000,0
837,44,2024-06-22,2.200000,9
837,44,2024-06-23,2.700000,0
837,44,2024-06-24,2.300000,0
837,44,2024-06-25,2.100000,0
837,167,2024-03-28,0.900000,0
837,167,2024-03-29,0.200000,0
837,167,2024-03-30,1.000000,0
837,167,2024-03-31,0.800000,0
837,167,2024-04-01,0.900000,0
837,167,2024-04-02,0.600000,6
837,167,2024-04-03,0.500000,0
837,167,2024-04-04,0.500000,0
837,167,2024-04-05,0.500000,0
837,167,2024-04-06,0.900000,0
837,167,2024-04-07,1.000000,0
837,167,2024-04-08,0.600000,0
837,167,2024-04-09,0.600000,0
837,167,2024-04-10,0.700000,9
837,167,2024-04-11,0.600000,0
837,167,2024-04-12,0.500000,0
837,167,2024-04-13,1.200000,0
837,167,2024-04-14,0.700000,13
837,167,2024-04-15,0.600000,0
837,167,2024-04-16,0.500000,12
837,167,2024-04-17,0.700000,0
837,167,2024-04-18,0.600000,11
837,167,2024-04-19,1.200000,0
837,167,2024-04-20,0.700000,11
837,167,2024-04-21,1.700000,0
837,167,2024-04-22,0.600000,9
837,167,2024-04-23,1.000000,0
837,167,2024-04-24,0.700000,0
837,167,2024-04-25,1.000000,0
837,167,2024-04-26,1.200000,0
837,167,2024-04-27,1.600000,0
837,167,2024-04-28,1.500000,0
837,167,2024-04-29,1.000000,0
837,167,2024-04-30,1.200000,0
837,167,2024-05-01,1.800000,0
837,167,2024-05-02,1.400000,0
837,167,2024-05-03,1.100000,0
837,167,2024-05-04,0.900000,0
837,167,2024-05-05,2.100000,0
837,167,2024-05-06,1.400000,4
837,167,2024-05-07,1.300000,0
837,167,2024-05-08,1.200000,2
837,167,2024-05-09,1.000000,0
837,167,2024-05-10,1.300000,0
837,167,2024-05-11,0.500000,0
837,167,2024-05-12,1.400000,0
837,167,2024-05-13,1.300000,0
837,167,2024-05-14,1.400000,0
837,167,2024-05-15,1.800000,0
837,167,2024-05-16,0.900000,4
837,167,2024-05-17,0.900000,0
837,167,2024-05-18,0.800000,0
837,167,2024-05-19,2.000000,0
837,167,2024-05-20,1.100000,7
837,167,2024-05-21,1.400000,0
837,167,2024-05-22,1.000000,0
837,167,2024-05-23,0.600000,0
837,167,2024-05-24,0.900000,0
837,167,2024-05-25,1.900000,0
837,167,2024-05-26,1.300000,0
837,167,2024-05-27,1.200000,0
837,167,2024-05-28,0.700000,0
837,167,2024-05-29,1.200000,0
837,167,2024-05-30,0.900000,0
837,167,2024-05-31,1.300000,0
837,167,2024-06-01,1.300000,6
837,167,2024-06-02,1.700000,0
837,167,2024-06-03,1.400000,0
837,167,2024-06-04,0.800000,0
837,167,2024-06-05,1.400000,0
837,167,2024-06-06,0.800000,0
837,167,2024-06-07,1.500000,0
837,167,2024-06-08,0.800000,0
837,167,2024-06-09,0.500000,0
837,167,2024-06-10,1.300000,0
837,167,2024-06-11,0.600000,0
837,167,2024-06-12,1.300000,0
837,167,2024-06-13,0.900000,0
837,167,2024-06-14,0.900000,0
837,167,2024-06-15,1.000000,0
837,167,2024-06-16,0.600000,0
837,167,2024-06-17,1.300000,0
837,167,2024-06-18,1.100000,0
837,167,2024-06-19,1.100000,0
837,167,2024-06-20,0.800000,0
837,167,2024-06-21,1.000000,0
837,167,2024-06-22,1.800000,0
837,167,2024-06-23,0.900000,1
837,167,2024-06-24,0.700000,11
837,167,2024-06-25,0.000000,16
837,316,2024-03-28,0.100000,11
837,316,2024-03-29,0.100000,16
837,316,2024-03-30,1.600000,0
837,316,2024-03-31,1.200000,0
837,316,2024-04-01,1.000000,0
837,316,2024-04-02,0.700000,0
837,316,2024-04-03,0.620000,0
837,316,2024-04-04,0.500000,12
837,316,2024-04-05,0.000000,16
837,316,2024-04-06,1.600000,0
837,316,2024-04-07,1.100000,0
837,316,2024-04-08,1.200000,0
837,316,2024-04-09,0.600000,9
837,316,2024-04-10,0.900000,0
837,316,2024-04-11,0.900000,1
837,316,2024-04-12,0.000000,16
837,316,2024-04-13,0.000000,16
837,316,2024-04-14,0.000000,16
837,316,2024-04-15,0.700000,0
837,316,2024-04-16,1.100000,0
837,316,2024-04-17,0.900000,0
837,316,2024-04-18,0.600000,0
837,316,2024-04-19,0.900000,0
837,316,2024-04-20,1.000000,11
837,316,2024-04-21,0.500000,13
837,316,2024-04-22,0.000000,16
837,316,2024-04-23,0.100000,16
837,316,2024-04-24,0.800000,0
837,316,2024-04-25,0.700000,2
837,316,2024-04-26,1.300000,0
837,316,2024-04-27,0.500000,13
837,316,2024-04-28,1.500000,0
837,316,2024-04-29,1.400000,0
837,316,2024-04-30,0.900000,0
837,316,2024-05-01,0.900000,0
837,316,2024-05-02,1.300000,0
837,316,2024-05-03,1.520000,0
837,316,2024-05-04,2.460000,0
837,316,2024-05-05,4.100000,0
837,316,2024-05-06,0.900000,6
837,316,2024-05-07,2.300000,0
837,316,2024-05-08,1.900000,0
837,316,2024-05-09,1.200000,9
837,316,2024-05-10,1.200000,8
837,316,2024-05-11,0.000000,16
837,316,2024-05-12,0.400000,16
837,316,2024-05-13,2.000000,0
837,316,2024-05-14,2.200000,0
837,316,2024-05-15,1.400000,2
837,316,2024-05-16,0.000000,16
837,316,2024-05-17,0.100000,16
837,316,2024-05-18,0.800000,0
837,316,2024-05-19,2.600000,0
837,316,2024-05-20,1.700000,0
837,316,2024-05-21,1.700000,0
837,316,2024-05-22,1.200000,0
837,316,2024-05-23,0.700000,6
837,316,2024-05-24,1.700000,0
837,316,2024-05-25,2.600000,0
837,316,2024-05-26,2.500000,0
837,316,2024-05-27,1.800000,0
837,316,2024-05-28,3.500000,0
837,316,2024-05-29,1.600000,0
837,316,2024-05-30,1.000000,0
837,316,2024-05-31,1.700000,0
837,316,2024-06-01,2.500000,0
837,316,2024-06-02,1.500000,8
837,316,2024-06-03,0.000000,16
837,316,2024-06-04,0.000000,16
837,316,2024-06-05,1.000000,0
837,316,2024-06-06,1.300000,0
837,316,2024-06-07,1.200000,0
837,316,2024-06-08,2.670000,0
837,316,2024-06-09,1.800000,0
837,316,2024-06-10,3.000000,0
837,316,2024-06-11,2.400000,0
837,316,2024-06-12,1.800000,0
837,316,2024-06-13,1.700000,0
837,316,2024-06-14,1.300000,0
837,316,2024-06-15,2.900000,0
837,316,2024-06-16,1.200000,0
837,316,2024-06-17,1.300000,0
837,316,2024-06-18,2.400000,0
837,316,2024-06-19,2.300000,0
837,316,2024-06-20,1.200000,0
837,316,2024-06-21,1.600000,0
837,316,2024-06-22,2.000000,6
837,316,2024-06-23,2.900000,0
837,316,2024-06-24,2.400000,0
837,316,2024-06-25,2.300000,0
837,834,2024-03-28,1.500000,0
837,834,2024-03-29,0.700000,11
837,834,2024-03-30,2.000000,0
837,834,2024-03-31,0.900000,9
837,834,2024-04-01,0.300000,16
837,834,2024-04-02,1.700000,0
837,834,2024-04-03,0.700000,10
837,834,2024-04-04,0.200000,16
837,834,2024-04-05,1.800000,0
837,834,2024-04-06,0.000000,16
837,834,2024-04-07,0.000000,16
837,834,2024-04-08,0.000000,16
837,834,2024-04-09,0.000000,16
837,834,2024-04-10,0.000000,16
837,834,2024-04-11,0.300000,16
837,834,2024-04-12,1.700000,3
837,834,2024-04-13,0.000000,16
837,834,2024-04-14,0.000000,16
837,834,2024-04-15,0.000000,16
837,834,2024-04-16,0.000000,16
837,834,2024-04-17,0.100000,16
837,834,2024-04-18,1.700000,0
837,834,2024-04-19,1.600000,0
837,834,2024-04-20,0.900000,11
837,834,2024-04-21,0.000000,16
837,834,2024-04-22,0.000000,16
837,834,2024-04-23,0.000000,16
837,834,2024-04-24,0.000000,16
837,834,2024-04-25,0.800000,16
837,834,2024-04-26,1.700000,0
837,834,2024-04-27,2.800000,0
837,834,2024-04-28,1.900000,0
837,834,2024-04-29,1.500000,0
837,834,2024-04-30,1.600000,0
837,834,2024-05-01,1.500000,7
837,834,2024-05-02,1.800000,0
837,834,2024-05-03,1.100000,6
837,834,2024-05-04,0.000000,16
837,834,2024-05-05,0.000000,16
837,834,2024-05-06,0.000000,16
837,834,2024-05-07,0.000000,16
837,834,2024-05-08,0.200000,16
837,834,2024-05-09,2.200000,0
837,834,2024-05-10,2.400000,0
837,834,2024-05-11,1.900000,0
837,834,2024-05-12,3.700000,0
837,834,2024-05-13,2.500000,1
837,834,2024-05-14,1.900000,1
837,834,2024-05-15,3.600000,0
837,834,2024-05-16,3.300000,0
837,834,2024-05-17,3.300000,0
837,834,2024-05-18,2.100000,0
837,834,2024-05-19,3.700000,0
837,834,2024-05-20,2.800000,0
837,834,2024-05-21,1.400000,0
837,834,2024-05-22,2.000000,0
837,834,2024-05-23,2.500000,0
837,834,2024-05-24,1.000000,0
837,834,2024-05-25,1.600000,0
837,834,2024-05-26,2.300000,0
837,834,2024-05-27,1.600000,3
837,834,2024-05-28,0.000000,16
837,834,2024-05-29,0.000000,16
837,834,2024-05-30,0.400000,16
837,834,2024-05-31,2.300000,0
837,834,2024-06-01,2.800000,0
837,834,2024-06-02,2.800000,0
837,834,2024-06-03,2.500000,0
837,834,2024-06-04,1.600000,0
837,834,2024-06-05,2.500000,0
837,834,2024-06-06,2.500000,0
837,834,2024-06-07,2.400000,0
837,834,2024-06-08,2.800000,0
837,834,2024-06-09,1.800000,0
837,834,2024-06-10,1.200000,8
837,834,2024-06-11,0.600000,13
837,834,2024-06-12,4.600000,1
837,834,2024-06-13,2.100000,0
837,834,2024-06-14,2.200000,0
837,834,2024-06-15,4.700000,0
837,834,2024-06-16,3.600000,0
837,834,2024-06-17,3.400000,0
837,834,2024-06-18,1.600000,0
837,834,2024-06-19,1.900000,0
837,834,2024-06-20,2.200000,0
837,834,2024-06-21,1.000000,0
837,834,2024-06-22,1.600000,12
837,834,2024-06-23,3.600000,0
837,834,2024-06-24,1.300000,0
837,834,2024-06-25,1.600000,0
837,851,2024-03-28,0.900000,10
837,851,2024-03-29,0.000000,16
837,851,2024-03-30,1.100000,0
837,851,2024-03-31,2.400000,0
837,851,2024-04-01,0.300000,0
837,851,2024-04-02,0.100000,0
837,851,2024-04-03,0.000000,0
837,851,2024-04-04,0.600000,0
837,851,2024-04-05,0.300000,0
837,851,2024-04-06,1.100000,0
837,851,2024-04-07,0.700000,0
837,851,2024-04-08,1.800000,0
837,851,2024-04-09,3.400000,0
837,851,2024-04-10,0.200000,14
837,851,2024-04-11,0.000000,16
837,851,2024-04-12,1.600000,0
837,851,2024-04-13,0.600000,0
837,851,2024-04-14,2.100000,0
837,851,2024-04-15,1.600000,0
837,851,2024-04-16,0.600000,0
837,851,2024-04-17,1.700000,0
837,851,2024-04-18,2.000000,0
837,851,2024-04-19,1.500000,0
837,851,2024-04-20,2.500000,0
837,851,2024-04-21,1.700000,0
837,851,2024-04-22,1.900000,0
837,851,2024-04-23,2.000000,0
837,851,2024-04-24,0.900000,0
837,851,2024-04-25,1.700000,0
837,851,2024-04-26,0.300000,0
837,851,2024-04-27,1.700000,0
837,851,2024-04-28,0.300000,0
837,851,2024-04-29,1.300000,0
837,851,2024-04-30,1.800000,0
837,851,2024-05-01,0.700000,0
837,851,2024-05-02,0.900000,0
837,851,2024-05-03,1.200000,0
837,851,2024-05-04,1.200000,0
837,851,2024-05-05,1.900000,0
837,851,2024-05-06,0.900000,0
837,851,2024-05-07,3.600000,0
837,851,2024-05-08,4.000000,0
837,851,2024-05-09,3.000000,0
837,851,2024-05-10,1.100000,0
837,851,2024-05-11,0.600000,0
837,851,2024-05-12,2.900000,0
837,851,2024-05-13,2.900000,0
837,851,2024-05-14,1.400000,0
837,851,2024-05-15,1.600000,0
837,851,2024-05-16,2.100000,0
837,851,2024-05-17,0.000000,0
837,851,2024-05-18,1.400000,0
837,851,2024-05-19,1.700000,0
837,851,2024-05-20,3.600000,0
837,851,2024-05-21,0.900000,0
837,851,2024-05-22,1.600000,0
837,851,2024-05-23,2.800000,0
837,851,2024-05-24,0.800000,0
837,851,2024-05-25,1.700000,0
837,851,2024-05-26,1.600000,0
837,851,2024-05-27,2.700000,0
837,851,2024-05-28,0.300000,0
837,851,2024-05-29,2.000000,0
837,851,2024-05-30,2.300000,0
837,851,2024-05-31,0.900000,0
837,851,2024-06-01,0.900000,0
837,851,2024-06-02,1.000000,0
837,851,2024-06-03,2.200000,0
837,851,2024-06-04,0.300000,0
837,851,2024-06-05,0.900000,0
837,851,2024-06-06,1.500000,0
837,851,2024-06-07,0.500000,0
837,851,2024-06-08,0.800000,0
837,851,2024-06-09,1.200000,0
837,851,2024-06-10,2.100000,0
837,851,2024-06-11,1.400000,0
837,851,2024-06-12,0.600000,0
837,851,2024-06-13,2.000000,0
837,851,2024-06-14,1.000000,0
837,851,2024-06-15,4.800000,0
837,851,2024-06-16,4.200000,0
837,851,2024-06-17,3.500000,0
837,851,2024-06-18,1.500000,0
837,851,2024-06-19,6.200000,0
837,851,2024-06-20,1.200000,0
837,851,2024-06-21,2.500000,0
837,851,2024-06-22,1.600000,0
837,851,2024-06-23,4.000000,0
837,851,2024-06-24,1.800000,0
837,851,2024-06-25,1.800000,1
