sku_id,as_of_date,history_max_date_used,window_14_start_date,window_14_end_date,window_30_start_date,window_30_end_date,records_in_window_14,records_in_window_30,in_stock_days_14,in_stock_days_30,candidate_median_full_stock_14,candidate_median_full_stock_30,estimated_daily_demand,demand_confidence,demand_window_days,evaluated_window_days,selected_window_start_date,selected_window_end_date,in_stock_days_used,window_type,manual_review_required
851,2024-05-01,2024-04-30,2024-04-17,2024-04-30,2024-04-01,2024-04-30,14,30,14,28,1.700000,1.550000,1.700000,High,14,14,2024-04-17,2024-04-30,14,Standard 14-day,False
851,2024-05-15,2024-05-14,2024-05-01,2024-05-14,2024-04-15,2024-05-14,14,30,14,30,1.300000,1.650000,1.300000,High,14,14,2024-05-01,2024-05-14,14,Standard 14-day,False
851,2024-05-29,2024-05-28,2024-05-15,2024-05-28,2024-04-29,2024-05-28,14,30,14,30,1.600000,1.600000,1.600000,High,14,14,2024-05-15,2024-05-28,14,Standard 14-day,False
851,2024-06-12,2024-06-11,2024-05-29,2024-06-11,2024-05-13,2024-06-11,14,30,14,30,1.100000,1.450000,1.100000,High,14,14,2024-05-29,2024-06-11,14,Standard 14-day,False
851,2024-06-25,2024-06-24,2024-06-11,2024-06-24,2024-05-26,2024-06-24,14,30,14,30,1.900000,1.550000,1.900000,High,14,14,2024-06-11,2024-06-24,14,Standard 14-day,False
167,2024-05-01,2024-04-30,2024-04-17,2024-04-30,2024-04-01,2024-04-30,14,30,11,23,1.200000,0.900000,1.200000,High,14,14,2024-04-17,2024-04-30,11,Standard 14-day,False
167,2024-05-15,2024-05-14,2024-05-01,2024-05-14,2024-04-15,2024-05-14,14,30,12,24,1.300000,1.200000,1.300000,High,14,14,2024-05-01,2024-05-14,12,Standard 14-day,False
167,2024-05-29,2024-05-28,2024-05-15,2024-05-28,2024-04-29,2024-05-28,14,30,12,26,1.100000,1.250000,1.100000,High,14,14,2024-05-15,2024-05-28,12,Standard 14-day,False
167,2024-06-12,2024-06-11,2024-05-29,2024-06-11,2024-05-13,2024-06-11,14,30,13,27,1.200000,1.200000,1.200000,High,14,14,2024-05-29,2024-06-11,13,Standard 14-day,False
167,2024-06-25,2024-06-24,2024-06-11,2024-06-24,2024-05-26,2024-06-24,14,30,12,27,1.000000,1.100000,1.000000,High,14,14,2024-06-11,2024-06-24,12,Standard 14-day,False
316,2024-05-01,2024-04-30,2024-04-17,2024-04-30,2024-04-01,2024-04-30,14,30,8,17,0.900000,0.900000,0.900000,Medium,14,14,2024-04-17,2024-04-30,8,Standard 14-day,False
316,2024-05-15,2024-05-14,2024-05-01,2024-05-14,2024-04-15,2024-05-14,14,30,9,19,2.000000,1.300000,2.000000,Medium,14,14,2024-05-01,2024-05-14,9,Standard 14-day,False
316,2024-05-29,2024-05-28,2024-05-15,2024-05-28,2024-04-29,2024-05-28,14,30,10,21,1.750000,1.800000,1.750000,High,14,14,2024-05-15,2024-05-28,10,Standard 14-day,False
316,2024-06-12,2024-06-11,2024-05-29,2024-06-11,2024-05-13,2024-06-11,14,30,11,23,1.700000,1.800000,1.700000,High,14,14,2024-05-29,2024-06-11,11,Standard 14-day,False
316,2024-06-25,2024-06-24,2024-06-11,2024-06-24,2024-05-26,2024-06-24,14,30,13,26,1.800000,1.800000,1.800000,High,14,14,2024-06-11,2024-06-24,13,Standard 14-day,False
834,2024-05-01,2024-04-30,2024-04-17,2024-04-30,2024-04-01,2024-04-30,14,30,7,9,1.700000,1.700000,1.700000,Medium,14,14,2024-04-17,2024-04-30,7,Standard 14-day,False
834,2024-05-15,2024-05-14,2024-05-01,2024-05-14,2024-04-15,2024-05-14,14,30,5,12,2.200000,1.850000,1.850000,Low,30,30,2024-04-15,2024-05-14,12,Extended window,False
834,2024-05-29,2024-05-28,2024-05-15,2024-05-28,2024-04-29,2024-05-28,14,30,12,19,2.400000,2.200000,2.400000,High,14,14,2024-05-15,2024-05-28,12,Standard 14-day,False
834,2024-06-12,2024-06-11,2024-05-29,2024-06-11,2024-05-13,2024-06-11,14,30,10,22,2.500000,2.500000,2.500000,High,14,14,2024-05-29,2024-06-11,10,Standard 14-day,False
834,2024-06-25,2024-06-24,2024-06-11,2024-06-24,2024-05-26,2024-06-24,14,30,11,22,2.200000,2.350000,2.200000,High,14,14,2024-06-11,2024-06-24,11,Standard 14-day,False
44,2024-05-01,2024-04-30,2024-04-17,2024-04-30,2024-04-01,2024-04-30,14,30,0,0,,,,Insufficient Data,,30,2024-04-01,2024-04-30,0,Insufficient Data after 30-day check,True
44,2024-05-15,2024-05-14,2024-05-01,2024-05-14,2024-04-15,2024-05-14,14,30,3,3,1.500000,1.500000,,Insufficient Data,,30,2024-04-15,2024-05-14,3,Insufficient Data after 30-day check,True
44,2024-05-29,2024-05-28,2024-05-15,2024-05-28,2024-04-29,2024-05-28,14,30,4,7,1.950000,1.500000,1.500000,Low,30,30,2024-04-29,2024-05-28,7,Extended window,False
44,2024-06-12,2024-06-11,2024-05-29,2024-06-11,2024-05-13,2024-06-11,14,30,5,9,1.100000,1.200000,1.200000,Low,30,30,2024-05-13,2024-06-11,9,Extended window,False
44,2024-06-25,2024-06-24,2024-06-11,2024-06-24,2024-05-26,2024-06-24,14,30,8,12,1.700000,1.400000,1.700000,Medium,14,14,2024-06-11,2024-06-24,8,Standard 14-day,False
